Consultant Name,Mobile Number,Delivery Type,Address,Products,Payment,Email
Dev Raj,984638732,Self Pickup,Mumbai,Lipstick,Cash,
Ajith,784653673,Courier,Hyderabad,Compact,UPI,ajith@gmail.com
Babu,902839439,Self Pickup,Delhi,FacePack,Credit Card,Babu34@gmail.com
Chitra,984395778,Courier,Hyderabad,EyeLiner,Debit Card,Chitra@gmail.com
Swathi,689484883,Courier,Delhi,Nail Polish,UPI,swathi@gmail.com
Prasad,988958475,Self Pickup,Chennai,EyeLiner,UPI,prasad904@gmail.com
Ajay Kumar,817976738,Courier,Kerala,"Lip Balm
",Debit Card,ajay213@gmail.com
Shankar,968849439,Self Pickup,Mumbai,FacePack,Cash,shankar@gmail.com
Sandeep,934328989,Courier,Tamilnadu,EyeLiner,UPI,sandeep@gmail.com
